ID;Fonte;Icona;Anno;Stagione;Titolo;Sottotitolo;Lat;Lon;Testo;testo;colori
1;ISPRA;termorosso;2020;Inverno;Caldo anomalo;Febbraio;44.83;9.94;"Il piu&#39; caldo febbraio in Emilia-Romagna dal 1961. A Bobbio, sull&#39;Appennino piacentino, il termometro ha toccato la massima temperatura mai rilevata in questo mese, pari a 25.6°C. ";"<h3 style='font-weight: 500;'>Caldo anomalo</h3><h4>Febbraio</h4><span style='line-height: 1.5em;'>Il piu&#39; caldo febbraio in Emilia-Romagna dal 1961. A Bobbio, sull&#39;Appennino piacentino, il termometro ha toccato la massima temperatura mai rilevata in questo mese, pari a 25.6°C.</span>";#e31a1c
2;ISPRA;termorosso;2020;Inverno;Caldo anomalo;Febbraio;44.14;10.67;Mese particolarmente caldo in Toscana, soprattutto in montagna. Il giorno 24 registrati 16.4°C nella stazione di Boscolungo (PT), la piu’ alta dall’inizio delle osservazioni per il mese di febbraio.;"<h3 style='font-weight: 500;'>Caldo anomalo</h3><h4>Febbraio</h4><span style='line-height: 1.5em;'>Mese particolarmente caldo in Toscana, soprattutto in montagna. Il giorno 24 registrati 16.4°C nella stazione di Boscolungo (PT), la piu’ alta dall’inizio delle osservazioni per il mese di febbraio.</span>";#e31a1c
3;ISPRA;vento;2020;Inverno;Vento;"3 &#45; 5 Febbraio";46.16;9.33;Ventilazione intensa sulla Lombardia anche a carattere favonico, con medie orarie fino a 100 km/h e raffiche fino a 144 km/h a Vercana (CO). Registrate temperature localmente anche al di sopra dei 20°C.;"<h3 style='font-weight: 500;'>Vento</h3><h4>3 &#45; 5 Febbraio</h4><span style='line-height: 1.5em;'>Ventilazione intensa sulla Lombardia anche a carattere favonico, con medie orarie fino a 100 km/h e raffiche fino a 144 km/h a Vercana (CO). Registrate temperature localmente anche al di sopra dei 20°C.</span>";#cab2d6
4;ISPRA;termorosso;2020;Inverno;Caldo anomalo;Inverno;44.87;8.03;"In Piemonte l&#39;inverno e’ stato il piu&#39; caldo degli ultimi 63 anni, con un’anomalia termica media regionale rispetto al clima 1971-2000 intorno a +3°C. Il 3 febbraio 2020 e&#39; risultato il giorno con la temperatura media regionale piu&#39; elevata del mese di febbraio dal 1958 ad oggi. Record del numero di giorni con presenza di foehn (17) per il nuovo millennio.";"<h3 style='font-weight: 500;'>Caldo anomalo</h3><h4>Inverno</h4><span style='line-height: 1.5em;'>In Piemonte l&#39;inverno e’ stato il piu&#39; caldo degli ultimi 63 anni, con un’anomalia termica media regionale rispetto al clima 1971-2000 intorno a +3°C. Il 3 febbraio 2020 e&#39; risultato il giorno con la temperatura media regionale piu&#39; elevata del mese di febbraio dal 1958 ad oggi. Record del numero di giorni con presenza di <a href='https://it.wikipedia.org/wiki/Favonio' title='favonio' target='_blank'>foehn</a> (17) per il nuovo millennio.</span>";#e31a1c
5;ISPRA;termorosso;2020;Inverno;Caldo anomalo;"23 &#45; 24 Febbraio";45.74;7.36;"Intensi eventi di foehn in Valle d&#39;Aosta. Ad Aosta Aeroporto le temperature massime hanno superato i 25°C, minima di 13°C durante la notte.";"<h3 style='font-weight: 500;'>Caldo anomalo</h3><h4>23 &#45; 24 Febbraio</h4><span style='line-height: 1.5em;'>Intensi eventi di <a href='https://it.wikipedia.org/wiki/Favonio' title='favonio' target='_blank'>foehn</a> in Valle d&#39;Aosta. Ad Aosta Aeroporto le temperature massime hanno superato i 25°C, minima di 13°C durante la notte.</span>";#e31a1c
6;ISPRA;termorosso;2020;Inverno;Caldo anomalo;Febbraio;46.51;13.59;Febbraio molto caldo anche in Friuli Venezia Giulia, dove le anomalie termiche hanno raggiunto il valore massimo di +4°C a Tarvisio (UD).;"<h3 style='font-weight: 500;'>Caldo anomalo</h3><h4>Febbraio</h4><span style='line-height: 1.5em;'>Febbraio molto caldo anche in Friuli Venezia Giulia, dove le anomalie termiche hanno raggiunto il valore massimo di +4°C a Tarvisio (UD).</span>";#e31a1c
7;ISPRA;secco;2020;Inverno;Siccita';"1 Gennaio &#45; 29 Febbraio";37.61;14.18;"Prolungato periodo di siccita&#39; in Sicilia. Il bimestre gennaio-febbraio, con soli 16 mm di precipitazione media regionale, e&#39; risultato il piu’ asciutto dal 1921.";"<h3 style='font-weight: 500;'>Siccita'</h3><h4>1 Gennaio &#45; 29 Febbraio</h4><span style='line-height: 1.5em;'>Prolungato periodo di siccita&#39; in Sicilia. Il bimestre gennaio-febbraio, con soli 16 mm di precipitazione media regionale, e&#39; risultato il piu’ asciutto dal 1921.</span>";#ffff99
8;ISPRA;neve;2020;Primavera;Neve;"5 &#45; 6 Marzo";45.8;7.06;"Intensa nevicata nei settori occidentali della Valle d&#39;Aosta, con accumulo di 50-70 cm nel fondovalle.";"<h3 style='font-weight: 500;'>Neve</h3><h4>5 &#45; 6 Marzo</h4><span style='line-height: 1.5em;'>Intensa nevicata nei settori occidentali della Valle d&#39;Aosta, con accumulo di 50-70 cm nel fondovalle.</span>";#a6cee3
9;ISPRA;termoblu;2020;Primavera;Gelata;"24 Marzo &#45; 4 Aprile";44.83;11.6;Estesa e intensa gelata tardiva in Emilia-Romagna. Registrate in pianura temperature minime anche inferiori a -5°C. Gravissimi danni alle colture frutticole.;"<h3 style='font-weight: 500;'>Gelata</h3><h4>24 Marzo &#45; 4 Aprile</h4><span style='line-height: 1.5em;'>Estesa e intensa gelata tardiva in Emilia-Romagna. Registrate in pianura temperature minime anche inferiori a -5°C. Gravissimi danni alle colture frutticole.</span>";#1f78b4
10;ISPRA;pioggia;2020;Primavera;Pioggia e vento;"24 &#45; 26 Marzo";38.68;16.42;Precipitazioni persistenti e venti freddi di burrasca, con massimi oltre 100 km/h in Calabria, in particolare sulle aree in quota dei versanti ionici centro-meridionali. Registrata la precipitazione totale massima di evento di 340.6 mm a Chiaravalle Centrale (CZ).;"<h3 style='font-weight: 500;'>Pioggia e vento</h3><h4>24 &#45; 26 Marzo</h4><span style='line-height: 1.5em;'>Precipitazioni persistenti e venti freddi di burrasca, con massimi oltre 100 km/h in Calabria, in particolare sulle aree in quota dei versanti ionici centro-meridionali. Registrata la precipitazione totale massima di evento di 340.6 mm a Chiaravalle Centrale (CZ).</span>";#b2df8a
11;ISPRA;pioggia;2020;Primavera;Pioggia e vento;"24 &#45; 26 Marzo";37.84;15.14;"Precipitazioni intense, associate a forte vento, soprattutto nelle aree orientali della Sicilia e a sud di Palermo, con massimo di precipitazione pari a 345 mm in 48 ore registrato a Linguaglossa (CT). Allagamenti in aree urbane, sversamenti di detriti lungo la viabilita&#39;, fenomeni franosi, esondazioni del reticolo secondario, alberi caduti e ingressioni marine.";"<h3 style='font-weight: 500;'>Pioggia e vento</h3><h4>24 &#45; 26 Marzo</h4><span style='line-height: 1.5em;'>Precipitazioni intense, associate a forte vento, soprattutto nelle aree orientali della Sicilia e a sud di Palermo, con massimo di precipitazione pari a 345 mm in 48 ore registrato a Linguaglossa (CT). Allagamenti in aree urbane, sversamenti di detriti lungo la viabilita&#39;, fenomeni franosi, esondazioni del reticolo secondario, alberi caduti e ingressioni marine.</span>";#b2df8a
12;ISPRA;sabbia;2020;Primavera;Trasporto di sabbia;"28 &#45; 29 Marzo";44.77;10.73;Registrati valori estremamente elevati di PM10, con concentrazioni fino a 140 microg/m3 in Romagna e sul crinale appenninico, mai rilevati prima in queste stazioni in quota. Probabile causa dell’evento la formazione di una tempesta di polveri nella zona del lago di Aral, con successivo trasporto verso il bacino padano.;"<h3 style='font-weight: 500;'>Trasporto di sabbia</h3><h4>28 &#45; 29 Marzo</h4><span style='line-height: 1.5em;'>Registrati valori estremamente elevati di PM10, con concentrazioni fino a 140 microg/m3 in Romagna e sul crinale appenninico, mai rilevati prima in queste stazioni in quota. Probabile causa dell’evento la formazione di una tempesta di polveri nella zona del lago di Aral, con successivo trasporto verso il bacino padano.</span>";#b15928
13;ISPRA;pioggia;2020;Primavera;Pioggia;"30 &#45; 31 Marzo ";38.71;16.19;Piogge intense sui versanti centro-meridionali della Calabria, con totali di evento localmente superiori a 100 mm e un massimo di 151.8 mm in 24 ore a Maierato (VV).;"<h3 style='font-weight: 500;'>Pioggia</h3><h4>30 &#45; 31 Marzo </h4><span style='line-height: 1.5em;'>Piogge intense sui versanti centro-meridionali della Calabria, con totali di evento localmente superiori a 100 mm e un massimo di 151.8 mm in 24 ore a Maierato (VV).</span>";#b2df8a
14;ISPRA;secco;2020;Primavera;Siccita';"Gennaio &#45; Maggio ";44.67;11.62;"Prolungato periodo di siccita&#39; in Emilia-Romagna. Le precipitazioni cumulate da gennaio a maggio sono state le piu&#39; basse mai registrate per questo periodo dal 1961.";"<h3 style='font-weight: 500;'>Siccita'</h3><h4>Gennaio &#45; Maggio </h4><span style='line-height: 1.5em;'>Prolungato periodo di siccita&#39; in Emilia-Romagna. Le precipitazioni cumulate da gennaio a maggio sono state le piu&#39; basse mai registrate per questo periodo dal 1961.</span>";#ffff99
15;ISPRA;termorosso;2020;Primavera;Onda di calore ;"13 &#45; 16 Maggio";38.18;13.11;"Intensa avvezione calda sul settore tirrenico della Sicilia. Il 13 maggio la stazione dell’Osservatorio Astronomico di Palermo ha registrato 39.4°C, record assoluto di temperatura per il mese di maggio. In diverse localita&#39; della fascia costiera sono stati superati i 40°C, con il massimo di 40.3°C registrato il 14 maggio a Patti (ME).";"<h3 style='font-weight: 500;'>Onda di calore </h3><h4>13 &#45; 16 Maggio</h4><span style='line-height: 1.5em;'>Intensa avvezione calda sul settore tirrenico della Sicilia. Il 13 maggio la stazione dell’Osservatorio Astronomico di Palermo ha registrato 39.4°C, record assoluto di temperatura per il mese di maggio. In diverse localita&#39; della fascia costiera sono stati superati i 40°C, con il massimo di 40.3°C registrato il 14 maggio a Patti (ME).</span>";#e31a1c
16;ISPRA;sabbia;2020;Primavera;Trasporto di sabbia;" 9 &#45; 20 Maggio";41.04;15.42;"In Campania, insolito evento di trasporto di polvere dal deserto del Sahara per piu&#39; di 10 giorni consecutivi.";"<h3 style='font-weight: 500;'>Trasporto di sabbia</h3><h4> 9 &#45; 20 Maggio</h4><span style='line-height: 1.5em;'>In Campania, insolito evento di trasporto di polvere dal deserto del Sahara per piu&#39; di 10 giorni consecutivi.</span>";#b15928
17;ISPRA;pioggia;2020;Primavera;Pioggia;"19 &#45; 20 Maggio";43.63;12.56;"Eventi temporaleschi intensi con abbondanti grandinate nella zona di San Vicino e Urbania, che hanno determinato locali situazioni di criticita&#39; e causato danni alle colture agricole.";"<h3 style='font-weight: 500;'>Pioggia</h3><h4>19 &#45; 20 Maggio</h4><span style='line-height: 1.5em;'>Eventi temporaleschi intensi con abbondanti grandinate nella zona di San Vicino e Urbania, che hanno determinato locali situazioni di criticita&#39; e causato danni alle colture agricole.</span>";#b2df8a
18;ISPRA;pioggia;2020;Estate;Pioggia;"7 &#45; 8 Giugno";42.65;12.43;"Intensi temporali in Umbria, con valori massimi di precipitazione cumulata registrati nella stazione di Avigliano Umbro (TR): 78.0 mm in un&#39;ora, 149.6 mm in 3 ore, 188.0 mm in 6 ore e 196.0 mm in 12 ore. Tempi di ritorno stimato per le intensita&#39; su 3, 6 e 12 ore superiori a 200 anni. Eventi di piena sul reticolo secondario con allagamenti diffusi in zone industriali e problemi alla viabilita&#39; locale. ";"<h3 style='font-weight: 500;'>Pioggia</h3><h4>7 &#45; 8 Giugno</h4><span style='line-height: 1.5em;'>Intensi temporali in Umbria, con valori massimi di precipitazione cumulata registrati nella stazione di Avigliano Umbro (TR): 78.0 mm in un&#39;ora, 149.6 mm in 3 ore, 188.0 mm in 6 ore e 196.0 mm in 12 ore. Tempi di ritorno stimato per le intensita&#39; su 3, 6 e 12 ore superiori a 200 anni. Eventi di piena sul reticolo secondario con allagamenti diffusi in zone industriali e problemi alla viabilita&#39; locale.</span>";#b2df8a
19;ISPRA;pioggia;2020;Estate;Temporali;"9 &#45; 18 Giugno";45.1;7.76;"Intensi temporali nell’area metropolitana di Torino, con precipitazioni totali massime di circa 225 mm complessivi nelle giornate del 9, 15 e 18 giugno, e intensita&#39; di pioggia di 73.3 mm in un&#39;ora registrata presso la stazione di Venaria La Mandria (TO), con tempo di ritorno stimato superiore a 50 anni.";"<h3 style='font-weight: 500;'>Temporali</h3><h4>9 &#45; 18 Giugno</h4><span style='line-height: 1.5em;'>Intensi temporali nell’area metropolitana di Torino, con precipitazioni totali massime di circa 225 mm complessivi nelle giornate del 9, 15 e 18 giugno, e intensita&#39; di pioggia di 73.3 mm in un&#39;ora registrata presso la stazione di Venaria La Mandria (TO), con <a href='https://it.wikipedia.org/wiki/Tempo_di_ritorno' title='tempo di ritorno' target='_blank'>tempo di ritorno</a> stimato superiore a 50 anni.</span>";#b2df8a
20;ISPRA;alluvione;2020;Estate;Alluvione;15 Luglio;38.13;13.35;Piogge abbondanti e persistenti, in particolare sulla Sicilia orientale. Stazione di Palermo Uditore: registrati 87.8 mm in 1 ora e 134 mm in meno di 3 ore, intensita’ mai rilevate da inizio misurazioni. Allagamento quasi totale del reticolo viario, autovetture rimaste intrappolate e sommerse nei sottopassi.;"<h3 style='font-weight: 500;'>Alluvione</h3><h4>15 Luglio</h4><span style='line-height: 1.5em;'>Piogge abbondanti e persistenti, in particolare sulla Sicilia orientale. Stazione di Palermo Uditore: registrati 87.8 mm in 1 ora e 134 mm in meno di 3 ore, intensita’ mai rilevate da inizio misurazioni. Allagamento quasi totale del reticolo viario, autovetture rimaste intrappolate e sommerse nei sottopassi.</span>";#33a02c
21;ISPRA;pioggia;2020;Estate;Pioggia;19 Luglio;37.26;14.46;"Piogge intense hanno causato allagamenti ed esondazioni. Nubifragi a Vizzini (CT) con intensita&#39; di 74 mm in un&#39;ora, e a Mazzarino (CL) con intensita&#39; di 75.4 mm in un&#39;ora.";"<h3 style='font-weight: 500;'>Pioggia</h3><h4>19 Luglio</h4><span style='line-height: 1.5em;'>Piogge intense hanno causato allagamenti ed esondazioni. Nubifragi a Vizzini (CT) con intensita&#39; di 74 mm in un&#39;ora, e a Mazzarino (CL) con intensita&#39; di 75.4 mm in un&#39;ora.</span>";#b2df8a
22;ISPRA;pioggia;2020;Estate;Temporale;24 Luglio;45.54;9.21;"Rovesci e temporali diffusi sul milanese, con locali grandinate. Massima intensita&#39; di pioggia di 73.6 mm in 1 ora a Cinisello Balsamo (MI). Esondazione del fiume Seveso nel tratto urbano milanese. Tempo di ritorno per l’evento stimato in circa 150 anni.";"<h3 style='font-weight: 500;'>Temporale</h3><h4>24 Luglio</h4><span style='line-height: 1.5em;'>Rovesci e temporali diffusi sul milanese, con locali grandinate. Massima intensita&#39; di pioggia di 73.6 mm in 1 ora a Cinisello Balsamo (MI). Esondazione del fiume Seveso nel tratto urbano milanese. <a href='https://it.wikipedia.org/wiki/Tempo_di_ritorno' title='tempo di ritorno' target='_blank'>Tempo di ritorno</a> per l’evento stimato in circa 150 anni.</span>";#b2df8a
23;ISPRA;pioggia;2020;Estate;Temporali e vento;"1 &#45; 2 Agosto";44.91;8.61;"Eventi temporaleschi accompagnati da forti raffiche di vento. Il primo di agosto ad Alessandria Lobbi (AL) rilevate raffiche di oltre 100 km/h, valore massimo della serie storica dal 1988 per il periodo primavera - estate. Il giorno 2 ad Asti registrata un’intensita&#39; di precipitazione di 58.4 mm in un’ora, con tempo di ritorno stimato superiore a 50 anni.";"<h3 style='font-weight: 500;'>Temporali e vento</h3><h4>1 &#45; 2 Agosto</h4><span style='line-height: 1.5em;'>Eventi temporaleschi accompagnati da forti raffiche di vento. Il primo di agosto ad Alessandria Lobbi (AL) rilevate raffiche di oltre 100 km/h, valore massimo della serie storica dal 1988 per il periodo primavera - estate. Il giorno 2 ad Asti registrata un’intensita&#39; di precipitazione di 58.4 mm in un’ora, con <a href='https://it.wikipedia.org/wiki/Tempo_di_ritorno' title='tempo di ritorno' target='_blank'>tempo di ritorno</a> stimato superiore a 50 anni.</span>";#b2df8a
24;ISPRA;pioggia;2020;Estate;Temporali;8 Agosto;38.1;15.21;"Precipitazioni consistenti in alcune aree della Sicilia. A Castroreale (ME) il totale di evento ha raggiunto 153.0 mm in 24 ore, con intensita&#39; massime di 126.0 mm in un&#39;ora e mezza e 73.4 mm in un&#39;ora. Danni nelle localita&#39; interessate, incluse frane e fenomeni di trasporto detritico, allagamenti e danni ad auto e proprieta&#39;.";"<h3 style='font-weight: 500;'>Temporali</h3><h4>8 Agosto</h4><span style='line-height: 1.5em;'>Precipitazioni consistenti in alcune aree della Sicilia. A Castroreale (ME) il totale di evento ha raggiunto 153.0 mm in 24 ore, con intensita&#39; massime di 126.0 mm in un&#39;ora e mezza e 73.4 mm in un&#39;ora. Danni nelle localita&#39; interessate, incluse frane e fenomeni di trasporto detritico, allagamenti e danni ad auto e proprieta&#39;.</span>";#b2df8a
25;ISPRA;pioggia;2020;Estate;Temporali e vento;14 Agosto;46.14;12.32;In Veneto, temporali intensi, persistenti, con forti rovesci, grandinate e forti raffiche di vento. Registrati accumuli fino a 139 mm a Col Indes di Tambre (BL) e raffiche fino a 248 km/h a Belluno Aereoporto.;"<h3 style='font-weight: 500;'>Temporali e vento</h3><h4>14 Agosto</h4><span style='line-height: 1.5em;'>In Veneto, temporali intensi, persistenti, con forti rovesci, grandinate e forti raffiche di vento. Registrati accumuli fino a 139 mm a Col Indes di Tambre (BL) e raffiche fino a 248 km/h a Belluno Aereoporto.</span>";#b2df8a
26;ISPRA;pioggia;2020;Estate;Temporali;17 Agosto;45.78;12.13;"In Veneto, numerosi rovesci hanno interessato molte localita&#39; anche di pianura. Intensita&#39; massima a Volpago del Montello (TV): quasi 14 mm in 5 minuti, 24 mm in 10 minuti e 34 mm in 15 minuti. ";"<h3 style='font-weight: 500;'>Temporali</h3><h4>17 Agosto</h4><span style='line-height: 1.5em;'>In Veneto, numerosi rovesci hanno interessato molte localita&#39; anche di pianura. Intensita&#39; massima a Volpago del Montello (TV): quasi 14 mm in 5 minuti, 24 mm in 10 minuti e 34 mm in 15 minuti.</span>";#b2df8a
27;ISPRA;pioggia;2020;Estate;Temporali;17 Agosto;45.07;7.67;Violenti temporali hanno investito Torino: registrati 75.2 mm nella stazione di Torino in Via della Consolata, valore inferiore solo agli 83.4 mm dell’11 agosto 2010. ;"<h3 style='font-weight: 500;'>Temporali</h3><h4>17 Agosto</h4><span style='line-height: 1.5em;'>Violenti temporali hanno investito Torino: registrati 75.2 mm nella stazione di Torino in Via della Consolata, valore inferiore solo agli 83.4 mm dell’11 agosto 2010.</span>";#b2df8a
28;ISPRA;pioggia;2020;Estate;Temporali e vento;22 – 23 Agosto;45.73;11.38;"Temporali accompagnati da raffiche intense hanno colpito il Veneto. Valori massimi di precipitazione a Malo (VC) pari a 57.6 mm in 30 minuti, e a Monte Summano (VC) pari a 69.2 mm in 45 minuti e 75 mm in un&#39;ora.";"<h3 style='font-weight: 500;'>Temporali e vento</h3><h4>22 – 23 Agosto</h4><span style='line-height: 1.5em;'>Temporali accompagnati da raffiche intense hanno colpito il Veneto. Valori massimi di precipitazione a Malo (VC) pari a 57.6 mm in 30 minuti, e a Monte Summano (VC) pari a 69.2 mm in 45 minuti e 75 mm in un&#39;ora.</span>";#b2df8a
29;ISPRA;pioggia;2020;Estate;Pioggia e vento;"28 &#45; 29 Agosto";46.19;9.37;Precipitazioni diffuse e intense a carattere temporalesco, con grandine di medie e grandi dimensioni, vento forte su gran parte della Lombardia. Raggiunti accumuli massimi di 290.8 mm in 48 ore, di cui 271.6 mm in 24 ore a Montemezzo-Gera Lario (CO). ;"<h3 style='font-weight: 500;'>Pioggia e vento</h3><h4>28 &#45; 29 Agosto</h4><span style='line-height: 1.5em;'>Precipitazioni diffuse e intense a carattere temporalesco, con grandine di medie e grandi dimensioni, vento forte su gran parte della Lombardia. Raggiunti accumuli massimi di 290.8 mm in 48 ore, di cui 271.6 mm in 24 ore a Montemezzo-Gera Lario (CO).</span>";#b2df8a
30;ISPRA;pioggia;2020;Estate;Temporali e vento;"29 &#45; 30 Agosto";45.79;11.58;"In Veneto, temporali molto intensi con grandine, forti raffiche di vento e trombe d’aria, hanno interessato in particolare le provincie di Verona e Vicenza. Cumulata massima di precipitazione totale sull&#39;evento pari a 191.6 mm in 48 ore a Lusiana (VC), seguita da 183.4 mm in 48 ore a Malo (VC). Colate detritiche, smottamenti, frane, danni ad alberi, proprieta&#39; ed infrastrutture.";"<h3 style='font-weight: 500;'>Temporali e vento</h3><h4>29 &#45; 30 Agosto</h4><span style='line-height: 1.5em;'>In Veneto, temporali molto intensi con grandine, forti raffiche di vento e trombe d’aria, hanno interessato in particolare le provincie di Verona e Vicenza. Cumulata massima di precipitazione totale sull&#39;evento pari a 191.6 mm in 48 ore a Lusiana (VC), seguita da 183.4 mm in 48 ore a Malo (VC). Colate detritiche, smottamenti, frane, danni ad alberi, proprieta&#39; ed infrastrutture.</span>";#b2df8a
31;ISPRA;pioggia;2020;Estate;Temporali e vento;"29 &#45; 30 Agosto";46;11.15;"Temporali con raffiche di forte intensita&#39; hanno colpito la provincia di Trento, causando ingenti danni all’agricoltura.";"<h3 style='font-weight: 500;'>Temporali e vento</h3><h4>29 &#45; 30 Agosto</h4><span style='line-height: 1.5em;'>Temporali con raffiche di forte intensita&#39; hanno colpito la provincia di Trento, causando ingenti danni all’agricoltura.</span>";#b2df8a
32;ISPRA;pioggia;2022;Estate;Pioggia e vento;"28 &#45; 30 Agosto";46.43;13.27;"In Friuli Venezia Giulia le cumulate totali di precipitazione dal 28 al 30 agosto hanno raggiunto massimi di oltre 400 mm sulla Carnia centro-orientale, il Canal del Ferro e Pontebba. In sole 36 ore registrati fino a 319 mm a Pontebba (UD). Forti raffiche di vento in molte localita&#39;, fino a 140 km/h sulle Prealpi e fino a 120 km/h su pianura e costa, hanno provocato la caduta di numerosi alberi.";"<h3 style='font-weight: 500;'>Pioggia e vento</h3><h4>28 &#45; 30 Agosto</h4><span style='line-height: 1.5em;'>In Friuli Venezia Giulia le cumulate totali di precipitazione dal 28 al 30 agosto hanno raggiunto massimi di oltre 400 mm sulla Carnia centro-orientale, il Canal del Ferro e Pontebba. In sole 36 ore registrati fino a 319 mm a Pontebba (UD). Forti raffiche di vento in molte localita&#39;, fino a 140 km/h sulle Prealpi e fino a 120 km/h su pianura e costa, hanno provocato la caduta di numerosi alberi.</span>";#b2df8a
33;ISPRA;pioggia;2020;Autunno e dicembre;Pioggia;14 Settembre;37.41;15.02;"Nubifragi nell’area a sud di Catania e nell’entroterra della Sicilia, massimo accumulo regitrato nella stazione di Catania S. Francesco La Rena pari a 122.6 mm e intensita&#39; massima oraria di 73 mm.";"<h3 style='font-weight: 500;'>Pioggia</h3><h4>14 Settembre</h4><span style='line-height: 1.5em;'>Nubifragi nell’area a sud di Catania e nell’entroterra della Sicilia, massimo accumulo regitrato nella stazione di Catania S. Francesco La Rena pari a 122.6 mm e intensita&#39; massima oraria di 73 mm.</span>";#b2df8a
34;ISPRA;pioggia;2020;Autunno e dicembre;Pioggia;"20 &#45; 22 Settembre";44.7;7.44;"Una serie di intensi impulsi temporaleschi ha riversato sul Piemonte notevoli quantitativi di precipitazione. In provincia di Cuneo accumuli superiori a 100 mm in due ore registrati nei comuni di Barge, Carde&#39;, Scarnafigi e Saluzzo, ed oltre 80 mm a Bibiana (TO).";"<h3 style='font-weight: 500;'>Pioggia</h3><h4>20 &#45; 22 Settembre</h4><span style='line-height: 1.5em;'>Una serie di intensi impulsi temporaleschi ha riversato sul Piemonte notevoli quantitativi di precipitazione. In provincia di Cuneo accumuli superiori a 100 mm in due ore registrati nei comuni di Barge, Carde&#39;, Scarnafigi e Saluzzo, ed oltre 80 mm a Bibiana (TO).</span>";#b2df8a
35;ISPRA;pioggia;2020;Autunno e dicembre;Pioggia e vento;"25 &#45; 28 Settembre";41.07;14.59;"Piogge intense e forti venti in Campania. Intensa mareggiata in Cilento con altezza d&#39;onda massima di 10.8 m. Sulla fascia appenninica centrale della regione le precipitazioni hanno superato in molte stazioni i 150 mm con valore massimo di 259.8 mm a Montella Meteo (AV). Si sono verificati caduta di alberi, innalzamento dei livelli dei fiumi, fenomeni di dissesto idrogeologico. ";"<h3 style='font-weight: 500;'>Pioggia e vento</h3><h4>25 &#45; 28 Settembre</h4><span style='line-height: 1.5em;'>Piogge intense e forti venti in Campania. Intensa mareggiata in Cilento con altezza d&#39;onda massima di 10.8 m. Sulla fascia appenninica centrale della regione le precipitazioni hanno superato in molte stazioni i 150 mm con valore massimo di 259.8 mm a Montella Meteo (AV). Si sono verificati caduta di alberi, innalzamento dei livelli dei fiumi, fenomeni di dissesto idrogeologico.</span>";#b2df8a
36;ISPRA;termoblu;2020;Autunno e dicembre;Anomalia negativa di temperatura;"26 &#45; 27 Settembre";44.66;9.89;In Emilia-Romagna le temperature sono scese di oltre 9°C in 24 ore e sui crinali sono state registrate per la prima volta nel mese di settembre temperature inferiori a 0°C.;"<h3 style='font-weight: 500;'>Anomalia negativa di temperatura</h3><h4>26 &#45; 27 Settembre</h4><span style='line-height: 1.5em;'>In Emilia-Romagna le temperature sono scese di oltre 9°C in 24 ore e sui crinali sono state registrate per la prima volta nel mese di settembre temperature inferiori a 0°C.</span>";#1f78b4
37;ISPRA;termoblu;2020;Autunno e dicembre;Anomalia negativa di temperatura;"26 &#45; 27 Settembre";44.79;7.55;"Quasi la meta&#39; delle stazioni termometriche della rete ARPA Piemonte ha stabilito il primato di temperatura minima per il mese di settembre.";"<h3 style='font-weight: 500;'>Anomalia negativa di temperatura</h3><h4>26 &#45; 27 Settembre</h4><span style='line-height: 1.5em;'>Quasi la meta&#39; delle stazioni termometriche della rete ARPA Piemonte ha stabilito il primato di temperatura minima per il mese di settembre.</span>";#1f78b4
38;ISPRA;termoblu;2020;Autunno e dicembre;Anomalia negativa di temperatura;27 Settembre;43.4;11.37;In Toscana registrati record negativi per le temperature massime di settembre nelle stazioni di Firenze, Grosseto ed Arezzo, che hanno segnato rispettivamente valori pari a 16.0, 14.4 e 13.2°C.;"<h3 style='font-weight: 500;'>Anomalia negativa di temperatura</h3><h4>27 Settembre</h4><span style='line-height: 1.5em;'>In Toscana registrati record negativi per le temperature massime di settembre nelle stazioni di Firenze, Grosseto ed Arezzo, che hanno segnato rispettivamente valori pari a 16.0, 14.4 e 13.2°C.</span>";#1f78b4
39;ISPRA;alluvione;2020;Autunno e dicembre;Alluvione;"2 &#45; 3 Ottobre";45.64;8.38;In Piemonte, registrati valori eccezionali di precipitazione, con cumulate superiori a 500 mm in 24 ore in diverse stazioni, con il massimo di 619.6 mm registrato a Sambughetto (VB). Raggiunti 400 mm in 12 ore in quattro stazioni con il massimo di 517.6 mm Limone-Pancani (CN). Le precipitazioni, molto elevate anche a livello areale, soprattutto sui bacini di Sesia, Cervo e Toce, hanno generato onde di piena eccezionali sui corsi d’acqua del reticolo principale e secondario della regione.;"<h3 style='font-weight: 500;'>Alluvione</h3><h4>2 &#45; 3 Ottobre</h4><span style='line-height: 1.5em;'>In Piemonte, registrati valori eccezionali di precipitazione, con cumulate superiori a 500 mm in 24 ore in diverse stazioni, con il massimo di 619.6 mm registrato a Sambughetto (VB). Raggiunti 400 mm in 12 ore in quattro stazioni con il massimo di 517.6 mm Limone-Pancani (CN). Le precipitazioni, molto elevate anche a livello areale, soprattutto sui bacini di Sesia, Cervo e Toce, hanno generato onde di piena eccezionali sui corsi d’acqua del reticolo principale e secondario della regione.</span>";#33a02c
40;ISPRA;pioggia;2020;Autunno e dicembre;Pioggia e vento;"2 &#45; 3 Ottobre";45.74;7.49;"Precipitazioni intense con vento forte nel fondovalle in Valle d&#39;Aosta, con oltre 330 mm in 48 ore registrati a Hone, di cui piu&#39; di 245 mm il 2 ottobre. Dissesti idrogeologici e danni.";"<h3 style='font-weight: 500;'>Pioggia e vento</h3><h4>2 &#45; 3 Ottobre</h4><span style='line-height: 1.5em;'>Precipitazioni intense con vento forte nel fondovalle in Valle d&#39;Aosta, con oltre 330 mm in 48 ore registrati a Hone, di cui piu&#39; di 245 mm il 2 ottobre. Dissesti idrogeologici e danni.</span>";#b2df8a
41;ISPRA;pioggia;2020;Autunno e dicembre;Pioggia e vento;"2 &#45; 3 Ottobre";46.06;9.55;Ingenti quantitativi di precipitazione in Lombardia. Valori massimi registrati a Gerola Alta Pescegallo (SO) pari a 395.2 mm in 36 ore, di cui 250.2 mm in 24 ore, e a Carona Lago Fregabolgia (BG) con 367.0 mm in 36 ore, di cui 208.6 mm in 24 ore. Vento significativo, con raffiche localmente superiori a 108 km/h, e fino a 152 km/h a Laveno Mombello-Poggio S.Elsa (VA). Si sono verificati ingenti accumuli di legname lungo la costa del Lago Maggiore.;"<h3 style='font-weight: 500;'>Pioggia e vento</h3><h4>2 &#45; 3 Ottobre</h4><span style='line-height: 1.5em;'>Ingenti quantitativi di precipitazione in Lombardia. Valori massimi registrati a Gerola Alta Pescegallo (SO) pari a 395.2 mm in 36 ore, di cui 250.2 mm in 24 ore, e a Carona Lago Fregabolgia (BG) con 367.0 mm in 36 ore, di cui 208.6 mm in 24 ore. Vento significativo, con raffiche localmente superiori a 108 km/h, e fino a 152 km/h a Laveno Mombello-Poggio S.Elsa (VA). Si sono verificati ingenti accumuli di legname lungo la costa del Lago Maggiore.</span>";#b2df8a
42;ISPRA;pioggia;2020;Autunno e dicembre;Pioggia e vento;"2 &#45; 3 Ottobre";45.95;10.62;In provincia di Trento, precipitazioni cumulate totali superiori a 160 mm sulla parte alta del bacino del Sarca con un massimo di 222.6 mm a Daone-Malga Bissina. Le piogge intense hanno causato una piena e l’esondazione del fiume Sarca. Venti forti, con raffiche fino 133.56 km/h a Passo Manghen.;"<h3 style='font-weight: 500;'>Pioggia e vento</h3><h4>2 &#45; 3 Ottobre</h4><span style='line-height: 1.5em;'>In provincia di Trento, precipitazioni cumulate totali superiori a 160 mm sulla parte alta del bacino del Sarca con un massimo di 222.6 mm a Daone-Malga Bissina. Le piogge intense hanno causato una piena e l’esondazione del fiume Sarca. Venti forti, con raffiche fino 133.56 km/h a Passo Manghen.</span>";#b2df8a
43;ISPRA;pioggia;2020;Autunno e dicembre;Pioggia;"2 &#45; 3 Ottobre";44.47;9.63;"Precipitazioni persistenti con ingenti accumuli sull&#39;Appennino occidentale dell’Emilia-Romagna. Valori massimi di evento pari a 228.8 mm a Tarsogno (PR). Fenomeni di piena impulsivi nei tratti montani di Trebbia, Aveto e Taro con conseguenti intensi fenomeni di erosione e trasporto solido, e il crollo di un ponte sul Trebbia, gia&#39; in cattive condizioni.";"<h3 style='font-weight: 500;'>Pioggia</h3><h4>2 &#45; 3 Ottobre</h4><span style='line-height: 1.5em;'>Precipitazioni persistenti con ingenti accumuli sull&#39;Appennino occidentale dell’Emilia-Romagna. Valori massimi di evento pari a 228.8 mm a Tarsogno (PR). Fenomeni di piena impulsivi nei tratti montani di Trebbia, Aveto e Taro con conseguenti intensi fenomeni di erosione e trasporto solido, e il crollo di un ponte sul Trebbia, gia&#39; in cattive condizioni.</span>";#b2df8a
44;ISPRA;pioggia;2020;Autunno e dicembre;Pioggia e vento;"2 &#45; 3 Ottobre";46.69;11.17;"Piogge molto abbondanti in provincia di Bolzano, dalla Val d&#39;Ultimo alla Val Passiria, con cumulate superiori a 200 mm. Venti intensi con raffiche fino a 147 km/h in alta quota sul monte Scabro. Numerosi smottamenti, frane e cadute di massi. Nelle aree occidentali dell&#39;Alto Adige e nell&#39;alta Val d&#39;Isarco molti corsi d&#39;acqua hanno ampiamente superato il livello d&#39;allarme.";"<h3 style='font-weight: 500;'>Pioggia e vento</h3><h4>2 &#45; 3 Ottobre</h4><span style='line-height: 1.5em;'>Piogge molto abbondanti in provincia di Bolzano, dalla Val d&#39;Ultimo alla Val Passiria, con cumulate superiori a 200 mm. Venti intensi con raffiche fino a 147 km/h in alta quota sul monte Scabro. Numerosi smottamenti, frane e cadute di massi. Nelle aree occidentali dell&#39;Alto Adige e nell&#39;alta Val d&#39;Isarco molti corsi d&#39;acqua hanno ampiamente superato il livello d&#39;allarme.</span>";#b2df8a
45;ISPRA;alluvione;2020;Autunno e dicembre;Alluvione;"2 &#45; 3 Ottobre";43.92;7.65;Piogge intense sulla Liguria, in particolare sull’estremo Ponente. Totali di precipitazione sull’evento ingenti, con il massimo di 430.6 mm a Triora (IM). Il livello idrometrico del fiume Roya ha raggiunto i massimi storici nelle sezioni di Airole e Torri. Si sono avuti esondazioni, frane, smottamenti, ingenti danni alle infrastrutture, crolli, strade e ponti danneggiati.;"<h3 style='font-weight: 500;'>Alluvione</h3><h4>2 &#45; 3 Ottobre</h4><span style='line-height: 1.5em;'>Piogge intense sulla Liguria, in particolare sull’estremo Ponente. Totali di precipitazione sull’evento ingenti, con il massimo di 430.6 mm a Triora (IM). Il livello idrometrico del fiume Roya ha raggiunto i massimi storici nelle sezioni di Airole e Torri. Si sono avuti esondazioni, frane, smottamenti, ingenti danni alle infrastrutture, crolli, strade e ponti danneggiati.</span>";#33a02c
46;ISPRA;mareggiata;2020;Autunno e dicembre;Mareggiata;"2 &#45; 3 Ottobre";44.38;9.13;"Venti con intensita&#39; di burrasca forte e raffiche tra tempesta ed uragano hanno provocato mareggiate estese ed intense lungo tutti settori costieri liguri, in particolare a Levante. Danni su diversi settori economici.";"<h3 style='font-weight: 500;'>Mareggiata</h3><h4>2 &#45; 3 Ottobre</h4><span style='line-height: 1.5em;'>Venti con intensita&#39; di burrasca forte e raffiche tra tempesta ed uragano hanno provocato mareggiate estese ed intense lungo tutti settori costieri liguri, in particolare a Levante. Danni su diversi settori economici.</span>";#8d97cb
47;ISPRA;pioggia;2020;Autunno e dicembre;Pioggia;"16 &#45; 17 Novembre ";40.29;15.57;"Forti temporali nel sud del Cilento, dove in poche ore sono caduti piu&#39; di 100 mm, con punte di 219.3 mm in 12 ore a Roccagloriosa (SA) e 216.8 mm in 12 ore a Torre Orsaia Meteo (SA). Si sono registrati esondazioni di corsi d&#39;acqua e numerosi fenomeni localizzati di dissesto idrogeologico. Allagamento di terreni agricoli e strade.";"<h3 style='font-weight: 500;'>Pioggia</h3><h4>16 &#45; 17 Novembre </h4><span style='line-height: 1.5em;'>Forti temporali nel sud del Cilento, dove in poche ore sono caduti piu&#39; di 100 mm, con punte di 219.3 mm in 12 ore a Roccagloriosa (SA) e 216.8 mm in 12 ore a Torre Orsaia Meteo (SA). Si sono registrati esondazioni di corsi d&#39;acqua e numerosi fenomeni localizzati di dissesto idrogeologico. Allagamento di terreni agricoli e strade.</span>";#b2df8a
48;ISPRA;pioggia;2020;Autunno e dicembre;Pioggia;"21 &#45; 23 Novembre ";39.09;17.13;"Piogge molto intense e persistenti hanno colpito la Calabria, con cumulate di evento superiori a 300 mm e punte massime di 414.8 mm a Ciro&#39; Marina - Punta Alice (KR). In varie stazioni registrati i valori massimi di precipitazioni sulle 24 ore da inizio misurazioni (1916). Eccezionali anche le intensita&#39; pluviometriche su breve periodo: 123.8 mm in 3 ore, 186.0 mm in 5 ore e 205.2 mm in 12 ore a Crotone, tutte con tempi di ritorno stimati superiori a 300 anni.";"<h3 style='font-weight: 500;'>Pioggia</h3><h4>21 &#45; 23 Novembre </h4><span style='line-height: 1.5em;'>Piogge molto intense e persistenti hanno colpito la Calabria, con cumulate di evento superiori a 300 mm e punte massime di 414.8 mm a Ciro&#39; Marina - Punta Alice (KR). In varie stazioni registrati i valori massimi di precipitazioni sulle 24 ore da inizio misurazioni (1916). Eccezionali anche le intensita&#39; pluviometriche su breve periodo: 123.8 mm in 3 ore, 186.0 mm in 5 ore e 205.2 mm in 12 ore a Crotone, tutte con tempi di ritorno stimati superiori a 300 anni.</span>";#b2df8a
49;ISPRA;pioggia;2020;Autunno e dicembre;Pioggia;"27 &#45; 29 Novembre";40.48;9.38;"In Sardegna, piogge abbondanti con cumulate sull’evento, durato 60 ore, superiori a 400 mm. Registrati a Oliena RU (NU) il massimo sull&#39;evento, pari a 536.0 mm, e il massimo sulle 24 ore, pari a 472.8 mm, che rappresenta il massimo valore mai registrato a Oliena. A Bitti (NU), registrati 328.6 mm in 24 ore, massimo valore da inizio misurazioni, e massime cumulate su 3, 6 12 e 24 con tempi di ritorno superiori a 200 anni. Si sono verificati estesi danni alle infrastrutture e numerose inondazioni.";"<h3 style='font-weight: 500;'>Pioggia</h3><h4>27 &#45; 29 Novembre</h4><span style='line-height: 1.5em;'>In Sardegna, piogge abbondanti con cumulate sull’evento, durato 60 ore, superiori a 400 mm. Registrati a Oliena RU (NU) il massimo sull&#39;evento, pari a 536.0 mm, e il massimo sulle 24 ore, pari a 472.8 mm, che rappresenta il massimo valore mai registrato a Oliena. A Bitti (NU), registrati 328.6 mm in 24 ore, massimo valore da inizio misurazioni, e massime cumulate su 3, 6 12 e 24 con tempi di ritorno superiori a 200 anni. Si sono verificati estesi danni alle infrastrutture e numerose inondazioni.</span>";#b2df8a
50;ISPRA;pioggia;2020;Autunno e dicembre;Pioggia e vento;"28 &#45; 29 Novembre";37.87;15.05;Maltempo con precipitazioni nei settori orientali della Sicilia, valori cumulati in 48 ore superiori ai 100 mm fino ad un massimo di 375.0 mm a Castiglione di Sicilia (CT). Venti forti ed una tromba d’aria a Catania il 28 novembre, con gravi danni nella zona meridionale della citta’, tra cui allagamenti, frane, danni a edifici e infrastrutture e crollo di molti alberi.;"<h3 style='font-weight: 500;'>Pioggia e vento</h3><h4>28 &#45; 29 Novembre</h4><span style='line-height: 1.5em;'>Maltempo con precipitazioni nei settori orientali della Sicilia, valori cumulati in 48 ore superiori ai 100 mm fino ad un massimo di 375.0 mm a Castiglione di Sicilia (CT). Venti forti ed una tromba d’aria a Catania il 28 novembre, con gravi danni nella zona meridionale della citta’, tra cui allagamenti, frane, danni a edifici e infrastrutture e crollo di molti alberi.</span>";#b2df8a
51;ISPRA;pioggia;2020;Autunno e dicembre;Pioggia;Dicembre;46.45;13.1;Precipitazioni cumulate mensili superiori anche del 500% rispetto alla media 1961-2010 in Friuli Venezia Giulia. A Tolmezzo (UD) misurati 749 mm, a Barcis (PN) raggiunti addirittura 973 mm.;"<h3 style='font-weight: 500;'>Pioggia</h3><h4>Dicembre</h4><span style='line-height: 1.5em;'>Precipitazioni cumulate mensili superiori anche del 500% rispetto alla media 1961-2010 in Friuli Venezia Giulia. A Tolmezzo (UD) misurati 749 mm, a Barcis (PN) raggiunti addirittura 973 mm.</span>";#b2df8a
52;ISPRA;pioggia;2020;Autunno e dicembre;Pioggia;Dicembre;43.07;11.26;"Precipitazioni eccezionalmente abbondanti in Toscana, anomalie intorno a +140% rispetto alla media 1981-2010. Il dicembre piu&#39; piovoso dal 1955 a Massa Carrara, Lucca e Livorno, dove e&#39; piovuto quasi il quadruplo di quanto piove normalmente in questo mese.";"<h3 style='font-weight: 500;'>Pioggia</h3><h4>Dicembre</h4><span style='line-height: 1.5em;'>Precipitazioni eccezionalmente abbondanti in Toscana, anomalie intorno a +140% rispetto alla media 1981-2010. Il dicembre piu&#39; piovoso dal 1955 a Massa Carrara, Lucca e Livorno, dove e&#39; piovuto quasi il quadruplo di quanto piove normalmente in questo mese.</span>";#b2df8a
53;ISPRA;neve;2020;Autunno e dicembre;Pioggia e neve;"4 &#45; 9 Dicembre";46.22;12.07;"Precipitazioni molto abbondanti e persistenti in Veneto sulle zone montane e pedemontane con cumulate sull&#39;evento superiori a 500 mm e punte fino a 725 mm a Seren di Grappa (BL), con accumuli di neve molto abbondanti soprattutto oltre i 1600 m di quota. Registrati 554 mm in 48 ore ad Alpago (BL), valore che si colloca al secondo posto della serie dopo l’alluvione del novembre 1966.";"<h3 style='font-weight: 500;'>Pioggia e neve</h3><h4>4 &#45; 9 Dicembre</h4><span style='line-height: 1.5em;'>Precipitazioni molto abbondanti e persistenti in Veneto sulle zone montane e pedemontane con cumulate sull&#39;evento superiori a 500 mm e punte fino a 725 mm a Seren di Grappa (BL), con accumuli di neve molto abbondanti soprattutto oltre i 1600 m di quota. Registrati 554 mm in 48 ore ad Alpago (BL), valore che si colloca al secondo posto della serie dopo l’alluvione del novembre 1966.</span>";#a6cee3
54;ISPRA;neve;2020;Autunno e dicembre;Pioggia e neve;"4 &#45; 6 Dicembre";46.31;11.6;"Ingenti quantita&#39; di precipitazione in Trentino con il massimo di 554.2 mm a Val Noana. Nelle localita’ piu’ in quota, la precipitazione e’ caduta sotto forma nevosa e l’accumulo totale misurato ha superato ovunque di gran lunga il valore medio relativo all’intero mese di dicembre, risultando confrontabile con quello di un’intera stagione invernale. In diverse localita&#39; tra cui Trento Laste, Lavarone, Male&#39;, Cavalese, Tione e Predazzo e&#39; stata registrata la precipitazione cumulata gionaliera piu&#39; alta di tutta la serie storica di dicembre.";"<h3 style='font-weight: 500;'>Pioggia e neve</h3><h4>4 &#45; 6 Dicembre</h4><span style='line-height: 1.5em;'>Ingenti quantita&#39; di precipitazione in Trentino con il massimo di 554.2 mm a Val Noana. Nelle localita’ piu’ in quota, la precipitazione e’ caduta sotto forma nevosa e l’accumulo totale misurato ha superato ovunque di gran lunga il valore medio relativo all’intero mese di dicembre, risultando confrontabile con quello di un’intera stagione invernale. In diverse localita&#39; tra cui Trento Laste, Lavarone, Male&#39;, Cavalese, Tione e Predazzo e&#39; stata registrata la precipitazione cumulata gionaliera piu&#39; alta di tutta la serie storica di dicembre.</span>";#a6cee3
55;ISPRA;alluvione;2020;Autunno e dicembre;Alluvione;"4 &#45; 6 Dicembre ";44.48;11;In Emilia-Romagna precipitazioni intense hanno provocato allagamenti e rotture di argini lungo il fiume Panaro. Numerosi i fenomeni di dissesto idrogeologico sull’Appennino, che hanno interessato le infrastrutture viarie principali e secondarie. ;"<h3 style='font-weight: 500;'>Alluvione</h3><h4>4 &#45; 6 Dicembre </h4><span style='line-height: 1.5em;'>In Emilia-Romagna precipitazioni intense hanno provocato allagamenti e rotture di argini lungo il fiume Panaro. Numerosi i fenomeni di dissesto idrogeologico sull’Appennino, che hanno interessato le infrastrutture viarie principali e secondarie.</span>";#33a02c
56;ISPRA;pioggia;2020;Autunno e dicembre;Pioggia;Dicembre;44.7;10.22;"In Emilia-Romagna registrato il dicembre piu&#39; piovoso dal 1961.";"<h3 style='font-weight: 500;'>Pioggia</h3><h4>Dicembre</h4><span style='line-height: 1.5em;'>In Emilia-Romagna registrato il dicembre piu&#39; piovoso dal 1961.</span>";#b2df8a
57;ISPRA;alluvione;2020;Autunno e dicembre;Alluvione;"5 &#45; 6 Dicembre";38.05;15.1;"Precipitazione cumulata in 48 ore superiore a 100 mm nelle aree nord-orientali della Sicilia, punta massima di 409.0 mm a Novara di Sicilia (ME). Le precipitazioni hanno causato esondazione di torrenti, smottamenti, frane, trasporto di detriti su strade e abitazioni, caduta d&#39;alberi e danni agli edifici.";"<h3 style='font-weight: 500;'>Alluvione</h3><h4>5 &#45; 6 Dicembre</h4><span style='line-height: 1.5em;'>Precipitazione cumulata in 48 ore superiore a 100 mm nelle aree nord-orientali della Sicilia, punta massima di 409.0 mm a Novara di Sicilia (ME). Le precipitazioni hanno causato esondazione di torrenti, smottamenti, frane, trasporto di detriti su strade e abitazioni, caduta d&#39;alberi e danni agli edifici.</span>";#33a02c
58;ISPRA;mareggiata;2020;Autunno e dicembre;Mareggiata;28 Dicembre;40.86;14.27;"Venti particolarmente intensi sul Tirreno hanno causato violente mareggiate sulla costa campana e ingenti danni sul lungomare della citta&#39; di Napoli. Altezza d’onda massima pari a 10.05 m, rilevata dalla boa Cilento.";"<h3 style='font-weight: 500;'>Mareggiata</h3><h4>28 Dicembre</h4><span style='line-height: 1.5em;'>Venti particolarmente intensi sul Tirreno hanno causato violente mareggiate sulla costa campana e ingenti danni sul lungomare della citta&#39; di Napoli. Altezza d’onda massima pari a 10.05 m, rilevata dalla boa Cilento.</span>";#8d97cb
